<?xml version="1.0" encoding="UTF-8"?>
<beans xmlns="http://www.springframework.org/schema/beans"
	xmlns:xsi="http://www.w3.org/2001/XMLSchema-instance"
	xsi:schemaLocation="
        http://www.springframework.org/schema/beans http://www.springframework.org/schema/beans/spring-beans.xsd">

	<!--Add Spring bean definitions here -->
	<!-- Dependency beans -->
	<!-- eng teacher singleton n eager -->
	<bean id="eng" class="com.cdac.dependency.EnglishTeacher" />
	<!-- sc teacher singleton n lazy -->
	<bean id="sc" class="com.cdac.dependency.ScienceTeacher"
		lazy-init="true" />
	<!-- maths teacher prototype loaded laizily per demand -->
	<bean id="maths" class="com.cdac.dependency.MathsTeacher"
		scope="prototype" />
	<!-- sports coach dependencies -->
	<bean id="cricket" class="com.cdac.dependency.CricketCoach" />
	<bean id="swimming" class="com.cdac.dependency.SwimmingCoach"
		lazy-init="true" />
	<bean id="football" class="com.cdac.dependency.FootballCoach"
		scope="prototype" />


	<!-- Dependent Bean public school , singleton n eager -->
	<bean id="public_school" class="com.cdac.dependent.PublicSchool"
		init-method="myInit" destroy-method="myDestroy">
		<!-- constr based D.I -->
		<constructor-arg name="myTeacher" ref="sc" />
		<!-- setter based D.I -->
		<property name="sportsCoach" ref="football" />
	</bean>


</beans>